id,idAgencia,cpf,email,nome,telefone,dataDeNascimento,senha,dataDeCriacao,dataDeAtualizacao
9b65560a-47b0-4ba1-9bd8-a4f1ef40a2ce,0cce9356-a43a-420d-aa74-d676db7a9d8a,23932942795,francisco82@example.net,Sr. Vinícius Nascimento,91121947907,1968-07-16,SenhaForte123,2025-03-14T23:01:40.588457,2025-03-14T23:01:40.588458
1aa36b2f-766b-4230-84bd-983d8f94d8f2,0cce9356-a43a-420d-aa74-d676db7a9d8a,83065831678,moraesaurora@example.net,Maria Cecília Caldeira,19607415990,1976-07-11,SenhaForte123,2025-03-14T23:01:40.588508,2025-03-14T23:01:40.588509
d768681e-f677-4026-8b94-852b68aa197c,0cce9356-a43a-420d-aa74-d676db7a9d8a,08399512648,melocatarina@example.com,Manuela Ramos,08483737102,1993-05-01,SenhaForte123,2025-03-14T23:01:40.588546,2025-03-14T23:01:40.588547
6bb31bfc-9fd7-4de4-a96f-c94a7128fa0d,0cce9356-a43a-420d-aa74-d676db7a9d8a,25722874396,raraujo@example.com,Lucca Rezende,78645383572,1967-01-29,SenhaForte123,2025-03-14T23:01:40.588585,2025-03-14T23:01:40.588586
8d54e774-c567-4167-95f6-59ff9b14eb6d,0cce9356-a43a-420d-aa74-d676db7a9d8a,06954960187,moraesthiago@example.com,Maria Clara Dias,88616815465,1980-07-15,SenhaForte123,2025-03-14T23:01:40.588621,2025-03-14T23:01:40.588622
b60ee48c-49e9-4620-bd70-63fdb854239d,0cce9356-a43a-420d-aa74-d676db7a9d8a,72626060933,thomas03@example.org,Sarah Carvalho,71216889350,1983-08-14,SenhaForte123,2025-03-14T23:01:40.588655,2025-03-14T23:01:40.588656
7a994f6d-f07c-4545-8071-03a340d3ddeb,0cce9356-a43a-420d-aa74-d676db7a9d8a,10228485509,ccunha@example.net,Arthur Gabriel das Neves,80070606843,1993-03-07,SenhaForte123,2025-03-14T23:01:40.588689,2025-03-14T23:01:40.588689
811ea727-ce30-4b40-aa71-3af675847638,0cce9356-a43a-420d-aa74-d676db7a9d8a,01522990178,da-matayasmin@example.com,Ravi Lucca Moraes,69397551455,1984-03-10,SenhaForte123,2025-03-14T23:01:40.588724,2025-03-14T23:01:40.588724
6720a9ad-515c-42f2-9ddb-93972d5a67b6,0cce9356-a43a-420d-aa74-d676db7a9d8a,59220717506,lorenzo80@example.net,Yuri Cassiano,06586685249,1975-08-14,SenhaForte123,2025-03-14T23:01:40.588757,2025-03-14T23:01:40.588757
5ee2e102-b83a-45dd-842b-12369abf9077,0cce9356-a43a-420d-aa74-d676db7a9d8a,34739374870,da-luzjuan@example.org,Ana Lívia da Paz,69409156942,1977-02-07,SenhaForte123,2025-03-14T23:01:40.588794,2025-03-14T23:01:40.588795
5349e703-8834-4b3b-81fb-80f2805b97aa,0cce9356-a43a-420d-aa74-d676db7a9d8a,77081953735,bda-paz@example.com,Caleb Sampaio,87484099310,1972-11-28,SenhaForte123,2025-03-14T23:01:40.588828,2025-03-14T23:01:40.588829
c984af7f-5f4c-444a-8d0c-0001e7a868e4,0cce9356-a43a-420d-aa74-d676db7a9d8a,53108980939,mariana38@example.com,Gael Henrique Pires,34688260921,1968-04-26,SenhaForte123,2025-03-14T23:01:40.588866,2025-03-14T23:01:40.588867
8473a7fb-0075-4feb-af4e-a2c85f0fd998,0cce9356-a43a-420d-aa74-d676db7a9d8a,01352104610,nogueiraalexia@example.org,Giovanna da Costa,12786881672,1975-12-16,SenhaForte123,2025-03-14T23:01:40.588906,2025-03-14T23:01:40.588906
b105b4dc-9f37-4a9d-9b4e-fdcd45ab0466,0cce9356-a43a-420d-aa74-d676db7a9d8a,14620217000,alveskamilly@example.com,João Lucas Silveira,08641698884,1969-04-09,SenhaForte123,2025-03-14T23:01:40.588940,2025-03-14T23:01:40.588941
c32da65b-85ec-497f-87a5-3b8d573175a9,0cce9356-a43a-420d-aa74-d676db7a9d8a,66916217863,caio73@example.net,Marcos Vinicius Ferreira,04032754912,1969-11-07,SenhaForte123,2025-03-14T23:01:40.588973,2025-03-14T23:01:40.588974
464b2212-ec99-4e8f-916d-e6ec55a6e5dd,0cce9356-a43a-420d-aa74-d676db7a9d8a,17764302635,marcos-viniciusdias@example.net,Sr. Théo Souza,09170946644,1985-01-17,SenhaForte123,2025-03-14T23:01:40.589010,2025-03-14T23:01:40.589011
8b1ed771-f213-4120-8a41-a0b5f324aecc,0cce9356-a43a-420d-aa74-d676db7a9d8a,41468602101,caldeiraemilly@example.org,Bruna Ramos,45620632945,1988-08-05,SenhaForte123,2025-03-14T23:01:40.589044,2025-03-14T23:01:40.589045
57af3086-a6a5-4b53-98d3-eeaa7dddc77c,0cce9356-a43a-420d-aa74-d676db7a9d8a,83511460808,guerravinicius@example.org,Noah Barbosa,50192943761,1988-09-26,SenhaForte123,2025-03-14T23:01:40.589078,2025-03-14T23:01:40.589079
855779f2-ca2f-4bcf-be6a-f59c2ba37fe4,0cce9356-a43a-420d-aa74-d676db7a9d8a,15299483716,raquelda-costa@example.net,Dra. Sabrina Almeida,07037581897,1985-05-02,SenhaForte123,2025-03-14T23:01:40.589115,2025-03-14T23:01:40.589116
581c29e6-6cb6-4a60-8d5a-738bf3b28774,0cce9356-a43a-420d-aa74-d676db7a9d8a,87506764903,wcassiano@example.net,Helena Vasconcelos,48130313597,1968-11-07,SenhaForte123,2025-03-14T23:01:40.589148,2025-03-14T23:01:40.589149
44a5b4e7-d46c-4464-a6fb-c5d74ba09f60,0cce9356-a43a-420d-aa74-d676db7a9d8a,84861191629,da-pazerick@example.org,Sara da Mota,66973645580,1982-05-08,SenhaForte123,2025-03-14T23:01:40.589182,2025-03-14T23:01:40.589183
63cb88d9-dca6-4ce0-b4d8-393cae846beb,0cce9356-a43a-420d-aa74-d676db7a9d8a,95188785285,guilhermeandrade@example.org,Pedro Lucas Camargo,26000387351,1977-12-01,SenhaForte123,2025-03-14T23:01:40.589215,2025-03-14T23:01:40.589216
7b84cf82-ebda-44d8-abbc-3bf3cde5315a,0cce9356-a43a-420d-aa74-d676db7a9d8a,35971216163,da-pazpedro-lucas@example.net,Asafe Brito,54732387471,1985-09-30,SenhaForte123,2025-03-14T23:01:40.589287,2025-03-14T23:01:40.589288
1348277e-c140-42ba-ba53-7150f8b28b17,0cce9356-a43a-420d-aa74-d676db7a9d8a,69587778324,evelyn50@example.org,Heloísa Santos,04879953072,1983-03-10,SenhaForte123,2025-03-14T23:01:40.589325,2025-03-14T23:01:40.589325
6025ac00-16f0-467e-9d43-d75f56ac0743,0cce9356-a43a-420d-aa74-d676db7a9d8a,07782251605,mathias78@example.com,Noah Martins,80264743890,1967-10-21,SenhaForte123,2025-03-14T23:01:40.589359,2025-03-14T23:01:40.589360
0f845a66-6485-4b8b-a25c-3a1c8cf01af6,0cce9356-a43a-420d-aa74-d676db7a9d8a,80752976443,jcamara@example.org,Lorenzo Santos,45412279771,1971-07-27,SenhaForte123,2025-03-14T23:01:40.589416,2025-03-14T23:01:40.589417
e0115bad-bd8c-4a1f-be66-05db8631ab56,0cce9356-a43a-420d-aa74-d676db7a9d8a,75216007032,mariah70@example.com,Davi Lucca da Mota,68304441897,1973-06-29,SenhaForte123,2025-03-14T23:01:40.589453,2025-03-14T23:01:40.589454
6c65502d-7bf6-447d-a640-9e797db55de7,0cce9356-a43a-420d-aa74-d676db7a9d8a,77409024038,lorena54@example.com,Dra. Laura Almeida,54937209456,1964-08-07,SenhaForte123,2025-03-14T23:01:40.589490,2025-03-14T23:01:40.589490
9625668d-c456-4e50-b855-d6a9578ccf85,0cce9356-a43a-420d-aa74-d676db7a9d8a,69224054803,sara18@example.com,Anthony Gabriel Macedo,24186194626,1979-01-30,SenhaForte123,2025-03-14T23:01:40.589523,2025-03-14T23:01:40.589523
a29d5a4d-e9f6-4ad9-b54e-0c7ac63d3bf7,0cce9356-a43a-420d-aa74-d676db7a9d8a,52098254504,nrios@example.com,Dr. Pedro Miguel Farias,48303420792,1973-03-15,SenhaForte123,2025-03-14T23:01:40.589557,2025-03-14T23:01:40.589558
b2c20efd-a432-4154-a88c-0daf8e555d36,0cce9356-a43a-420d-aa74-d676db7a9d8a,19283598253,luisamacedo@example.org,Sr. Vinicius Vasconcelos,86820732451,1968-10-12,SenhaForte123,2025-03-14T23:01:40.589593,2025-03-14T23:01:40.589593
028e7596-99dd-4974-bc86-1cc63f8cecec,0cce9356-a43a-420d-aa74-d676db7a9d8a,85034378566,hcampos@example.org,Ana Sophia Viana,63382357986,1975-09-03,SenhaForte123,2025-03-14T23:01:40.589625,2025-03-14T23:01:40.589626
b6507570-c792-42c5-979f-afe54c7089f4,0cce9356-a43a-420d-aa74-d676db7a9d8a,02912691842,inascimento@example.org,Gael Castro,76010955340,1981-12-04,SenhaForte123,2025-03-14T23:01:40.589658,2025-03-14T23:01:40.589658
a3160b3e-1fef-4f0b-b1de-273c8158575c,0cce9356-a43a-420d-aa74-d676db7a9d8a,00292728662,guerravinicius@example.com,Sra. Luna Sales,56113554162,1993-07-06,SenhaForte123,2025-03-14T23:01:40.589693,2025-03-14T23:01:40.589694
296bae04-b382-425b-9f72-a823b194dc4b,0cce9356-a43a-420d-aa74-d676db7a9d8a,65405820644,ysales@example.org,Vicente Gomes,38817903766,1993-03-19,SenhaForte123,2025-03-14T23:01:40.589748,2025-03-14T23:01:40.589749
52a5065b-c559-444d-a3b6-ed39b4b7afd0,0cce9356-a43a-420d-aa74-d676db7a9d8a,47045659636,hellenadas-neves@example.net,Igor Aragão,58340207724,1993-02-13,SenhaForte123,2025-03-14T23:01:40.589786,2025-03-14T23:01:40.589787
7784fd4b-515e-4d5b-ae58-bdc506f3cd7c,0cce9356-a43a-420d-aa74-d676db7a9d8a,34023948985,monteiroarthur-gabriel@example.org,Manuella Sales,84893387385,1988-03-15,SenhaForte123,2025-03-14T23:01:40.589822,2025-03-14T23:01:40.589823
01b689b9-f69b-4b7b-924c-15328a4f13eb,0cce9356-a43a-420d-aa74-d676db7a9d8a,57671205877,vaparecida@example.org,Marina Aragão,18278453177,1965-03-02,SenhaForte123,2025-03-14T23:01:40.589856,2025-03-14T23:01:40.589856
3646c556-46ea-4203-b737-aae0baa878e6,0cce9356-a43a-420d-aa74-d676db7a9d8a,90804754241,oliviacosta@example.com,Vitor Teixeira,50489963350,1975-09-16,SenhaForte123,2025-03-14T23:01:40.589894,2025-03-14T23:01:40.589894
3eadef24-ab76-4b9b-b5a0-9f0ad4f0912c,0cce9356-a43a-420d-aa74-d676db7a9d8a,43884585703,tpimenta@example.net,Paulo da Conceição,21800598973,1977-03-31,SenhaForte123,2025-03-14T23:01:40.589947,2025-03-14T23:01:40.589948
2ff58e77-75c6-4c5d-9578-1f4980b2ab4d,0cce9356-a43a-420d-aa74-d676db7a9d8a,32035128749,natalia82@example.net,Bernardo Melo,59744593528,1986-01-26,SenhaForte123,2025-03-14T23:01:40.590026,2025-03-14T23:01:40.590027
082ebb5a-2063-433f-8547-786d1582b594,0cce9356-a43a-420d-aa74-d676db7a9d8a,60349390894,barrosmaria-sophia@example.com,Yuri Casa Grande,28365408726,1970-02-14,SenhaForte123,2025-03-14T23:01:40.590065,2025-03-14T23:01:40.590066
fb96b635-9d31-4ef8-92ae-9c482df3d7b6,0cce9356-a43a-420d-aa74-d676db7a9d8a,36844576633,saheloisa@example.com,Ana Cecília Sá,89737851370,1971-09-12,SenhaForte123,2025-03-14T23:01:40.590101,2025-03-14T23:01:40.590102
6d0d8bd5-3b47-4ab2-ab3d-23799ffde660,0cce9356-a43a-420d-aa74-d676db7a9d8a,79131758770,da-cunhabianca@example.com,Maria da Conceição,08933076291,1973-01-24,SenhaForte123,2025-03-14T23:01:40.590136,2025-03-14T23:01:40.590136
7ff9cc26-bb93-4625-82ec-0282d594ebb1,0cce9356-a43a-420d-aa74-d676db7a9d8a,41995615951,gdias@example.org,Diego Campos,24889160499,1980-05-01,SenhaForte123,2025-03-14T23:01:40.590184,2025-03-14T23:01:40.590185
91a02721-7350-4870-bdf0-bbaa3c44f831,0cce9356-a43a-420d-aa74-d676db7a9d8a,26100582686,xvargas@example.com,Vinícius da Cunha,91045784490,1981-05-07,SenhaForte123,2025-03-14T23:01:40.590241,2025-03-14T23:01:40.590242
7507cf65-7c8d-4768-99d1-0eba42cb7c86,0cce9356-a43a-420d-aa74-d676db7a9d8a,68931908679,maria-juliagoncalves@example.net,Luiza Pires,05216959672,1979-08-24,SenhaForte123,2025-03-14T23:01:40.590281,2025-03-14T23:01:40.590282
0efc778e-9ed6-4a9c-ab4a-8b7d45d059cd,0cce9356-a43a-420d-aa74-d676db7a9d8a,95318629741,aparecidaayla@example.com,Mateus Garcia,51523775095,1971-08-23,SenhaForte123,2025-03-14T23:01:40.590316,2025-03-14T23:01:40.590317
e26deaca-c091-4af2-b29e-78b447a228c7,0cce9356-a43a-420d-aa74-d676db7a9d8a,57755267750,bernardovasconcelos@example.org,Isadora Porto,81463293816,1980-07-17,SenhaForte123,2025-03-14T23:01:40.590351,2025-03-14T23:01:40.590351
8b862e06-f1d8-4a45-95b3-d1c7ac416138,0cce9356-a43a-420d-aa74-d676db7a9d8a,56486701331,kteixeira@example.org,Luiza Jesus,31376085738,1969-10-04,SenhaForte123,2025-03-14T23:01:40.590383,2025-03-14T23:01:40.590384
1817097b-3020-48ab-8a3f-1618035004e6,0cce9356-a43a-420d-aa74-d676db7a9d8a,40141569581,lsales@example.com,Isadora da Costa,49406888765,1977-10-20,SenhaForte123,2025-03-14T23:01:40.590415,2025-03-14T23:01:40.590416
707ac8b0-f387-4a13-90cd-5ea5f4b13c59,0cce9356-a43a-420d-aa74-d676db7a9d8a,48476586396,vrios@example.com,Rhavi Gomes,11979816319,1978-03-25,SenhaForte123,2025-03-14T23:01:40.590448,2025-03-14T23:01:40.590449
9bb69e05-fd96-4081-8cb2-b90aa4344632,0cce9356-a43a-420d-aa74-d676db7a9d8a,68135158106,lsantos@example.org,Carlos Eduardo Machado,97450648945,1965-02-15,SenhaForte123,2025-03-14T23:01:40.590480,2025-03-14T23:01:40.590481
20844e75-560e-4709-981e-054e93198189,0cce9356-a43a-420d-aa74-d676db7a9d8a,33762569690,asafecassiano@example.com,Antônio Souza,27459230999,1967-10-19,SenhaForte123,2025-03-14T23:01:40.590530,2025-03-14T23:01:40.590531
f2ca1fee-cb1b-4afa-a5c4-31c4b18fd0c2,0cce9356-a43a-420d-aa74-d676db7a9d8a,85291422335,da-pazheitor@example.com,Antonella Cirino,80336138411,1981-05-01,SenhaForte123,2025-03-14T23:01:40.590573,2025-03-14T23:01:40.590574
ad8c07cf-477e-4eac-b21f-f7e54bd2531a,0cce9356-a43a-420d-aa74-d676db7a9d8a,37612400235,rporto@example.com,Luna Nunes,82149993620,1983-08-11,SenhaForte123,2025-03-14T23:01:40.590642,2025-03-14T23:01:40.590655
9f679f6d-5f17-43b7-9254-5bf231a27d82,0cce9356-a43a-420d-aa74-d676db7a9d8a,50901287318,lucas23@example.net,Felipe da Cruz,63819408816,1966-02-13,SenhaForte123,2025-03-14T23:01:40.590702,2025-03-14T23:01:40.590702
ab5260c5-a7cf-4114-8932-4e4ab9d53ca8,0cce9356-a43a-420d-aa74-d676db7a9d8a,99165784600,pimentaravi@example.org,Daniela Cardoso,92030331439,1976-01-07,SenhaForte123,2025-03-14T23:01:40.590739,2025-03-14T23:01:40.590740
e57d21c3-810c-438c-8269-c8337ceacb77,0cce9356-a43a-420d-aa74-d676db7a9d8a,47567960010,manuellasousa@example.net,Dra. Alice Aparecida,93317000379,1978-10-29,SenhaForte123,2025-03-14T23:01:40.590776,2025-03-14T23:01:40.590777
f55494da-85d0-4159-ae37-bcf76b03c050,0cce9356-a43a-420d-aa74-d676db7a9d8a,05144441424,lcosta@example.com,Otávio Porto,33719542085,1973-08-11,SenhaForte123,2025-03-14T23:01:40.590809,2025-03-14T23:01:40.590810
018fc071-0c92-4b2a-9eaa-9e368ca3ade3,0cce9356-a43a-420d-aa74-d676db7a9d8a,80862705487,heloisa99@example.com,Eduarda Carvalho,64381647969,1985-03-25,SenhaForte123,2025-03-14T23:01:40.590844,2025-03-14T23:01:40.590845
b74799ba-89b3-43c3-ac63-933219c16a5d,0cce9356-a43a-420d-aa74-d676db7a9d8a,49928539006,lopescaue@example.org,Otto da Luz,90711920216,1976-05-31,SenhaForte123,2025-03-14T23:01:40.590877,2025-03-14T23:01:40.590878
eeffc7b4-347c-467c-b568-616960b87a4c,0cce9356-a43a-420d-aa74-d676db7a9d8a,33260955461,bianca77@example.com,Dra. Maria Vitória da Cunha,20157544758,1984-01-15,SenhaForte123,2025-03-14T23:01:40.590912,2025-03-14T23:01:40.590913
9954835c-6199-484f-8f78-0f6e9e446fa7,0cce9356-a43a-420d-aa74-d676db7a9d8a,82329671881,pda-paz@example.org,Benício Casa Grande,87960160908,1991-07-07,SenhaForte123,2025-03-14T23:01:40.590945,2025-03-14T23:01:40.590945
1fba14d7-e2f5-44c4-b252-ece541adf94a,0cce9356-a43a-420d-aa74-d676db7a9d8a,81923209604,joseandrade@example.org,Sr. Thiago Aragão,97549735843,1976-09-10,SenhaForte123,2025-03-14T23:01:40.590980,2025-03-14T23:01:40.590981
c462ee70-6444-4b86-ac4a-5679aae4e6b3,0cce9356-a43a-420d-aa74-d676db7a9d8a,88233693472,joao-miguel66@example.net,Sr. João Vitor Novais,77958932897,1984-09-12,SenhaForte123,2025-03-14T23:01:40.591017,2025-03-14T23:01:40.591017
ef82e647-6606-4b97-b77f-2994ec36fd1f,0cce9356-a43a-420d-aa74-d676db7a9d8a,72855233992,ana-clara01@example.org,Danilo Pereira,54920965054,1981-02-27,SenhaForte123,2025-03-14T23:01:40.591049,2025-03-14T23:01:40.591050
d5817d44-d46b-40ea-8e81-0ea7d3eb9b6f,0cce9356-a43a-420d-aa74-d676db7a9d8a,85064332823,miguelguerra@example.net,Jade Casa Grande,20776929281,1991-01-19,SenhaForte123,2025-03-14T23:01:40.591105,2025-03-14T23:01:40.591106
c0fb836c-3747-4ec1-b78f-54e5849d0ddf,0cce9356-a43a-420d-aa74-d676db7a9d8a,98270102474,rezendesabrina@example.net,Aurora Leão,60763825599,1965-06-20,SenhaForte123,2025-03-14T23:01:40.591145,2025-03-14T23:01:40.591145
ea12cf10-8775-4705-a46e-5ca2b897f68a,0cce9356-a43a-420d-aa74-d676db7a9d8a,39832270316,davi-miguelcavalcante@example.net,Dra. Clara Câmara,36126618584,1988-09-23,SenhaForte123,2025-03-14T23:01:40.591182,2025-03-14T23:01:40.591182
c4dae3be-ee2d-44ee-a7b5-9858153a7a00,0cce9356-a43a-420d-aa74-d676db7a9d8a,82695801556,acavalcante@example.org,Luiza Ferreira,86606107625,1966-11-14,SenhaForte123,2025-03-14T23:01:40.591214,2025-03-14T23:01:40.591215
2b904c86-b4b6-4c8d-b708-95df6b9ea98e,0cce9356-a43a-420d-aa74-d676db7a9d8a,96077818305,varagao@example.com,Srta. Manuella Pacheco,14536252117,1980-04-11,SenhaForte123,2025-03-14T23:01:40.591249,2025-03-14T23:01:40.591250
3294db9d-341b-4d04-be30-0386f0fe9574,0cce9356-a43a-420d-aa74-d676db7a9d8a,60283258640,souzaana-carolina@example.com,Raul Correia,53189738765,1968-05-29,SenhaForte123,2025-03-14T23:01:40.591283,2025-03-14T23:01:40.591284
b613ec98-49a4-4a33-8750-d91b8d9494aa,0cce9356-a43a-420d-aa74-d676db7a9d8a,08822731670,opires@example.org,Liam Nunes,47775658970,1991-05-21,SenhaForte123,2025-03-14T23:01:40.591315,2025-03-14T23:01:40.591316
8b646835-94be-468c-b784-a5bdc486f78b,0cce9356-a43a-420d-aa74-d676db7a9d8a,64184348203,cassianorodrigo@example.com,Alícia Viana,86697980944,1990-07-16,SenhaForte123,2025-03-14T23:01:40.591349,2025-03-14T23:01:40.591350
8d1d32c4-f7dc-4f9f-9ef5-7132c2a10a4c,0cce9356-a43a-420d-aa74-d676db7a9d8a,75699620605,ffogaca@example.com,Gabrielly Pastor,97842940135,1974-12-21,SenhaForte123,2025-03-14T23:01:40.591382,2025-03-14T23:01:40.591382
af272ee4-9d10-4a9b-9fdb-7537246823a3,0cce9356-a43a-420d-aa74-d676db7a9d8a,79174100807,albuquerquefernanda@example.com,Oliver Fonseca,27389814141,1981-05-05,SenhaForte123,2025-03-14T23:01:40.591418,2025-03-14T23:01:40.591418
ccad4c24-e905-4331-bd73-9e2a6f5d8495,0cce9356-a43a-420d-aa74-d676db7a9d8a,82936233909,da-costadavi-luiz@example.org,Davi Lucca Moraes,71142065231,1974-08-28,SenhaForte123,2025-03-14T23:01:40.591455,2025-03-14T23:01:40.591456
706d00b2-a1d0-4fc0-b1db-8e5b99212896,0cce9356-a43a-420d-aa74-d676db7a9d8a,01732100403,luiz-miguelvieira@example.net,Paulo Azevedo,93330661494,1966-04-02,SenhaForte123,2025-03-14T23:01:40.591489,2025-03-14T23:01:40.591490
8015b13e-c35c-4422-81da-bc6dabd1a88c,0cce9356-a43a-420d-aa74-d676db7a9d8a,38554072588,fernandeshenrique@example.com,Emanuel Sampaio,63436965784,1984-05-16,SenhaForte123,2025-03-14T23:01:40.591522,2025-03-14T23:01:40.591523
265c82e2-7c00-4321-b784-374aa6ae8490,0cce9356-a43a-420d-aa74-d676db7a9d8a,17897330818,uporto@example.net,Manuella Vieira,02479600858,1993-08-04,SenhaForte123,2025-03-14T23:01:40.591555,2025-03-14T23:01:40.591556
5bdf8806-71d4-4af7-a1c2-f6d8690070bc,0cce9356-a43a-420d-aa74-d676db7a9d8a,27903443100,moraesmaria-isis@example.net,Dr. João Guilherme Pacheco,69057620819,1982-09-15,SenhaForte123,2025-03-14T23:01:40.591590,2025-03-14T23:01:40.591591
eab6316f-ae4a-42ee-9b2c-bb85a0f864d3,0cce9356-a43a-420d-aa74-d676db7a9d8a,25745003421,pgomes@example.net,Ana Laura Pires,41706043656,1979-04-07,SenhaForte123,2025-03-14T23:01:40.591622,2025-03-14T23:01:40.591623
1f93a186-1788-4912-8244-e050ab9ab288,0cce9356-a43a-420d-aa74-d676db7a9d8a,31419228293,caio03@example.org,Henrique Gonçalves,70339196558,1971-07-31,SenhaForte123,2025-03-14T23:01:40.591656,2025-03-14T23:01:40.591656
32045157-2c5c-4bdd-aab6-9376d837e404,0cce9356-a43a-420d-aa74-d676db7a9d8a,50592135446,abreujose-miguel@example.com,Brayan da Conceição,10399254244,1993-11-04,SenhaForte123,2025-03-14T23:01:40.591690,2025-03-14T23:01:40.591691
198bc9a3-fc32-46ff-9a7c-cbc28289c070,0cce9356-a43a-420d-aa74-d676db7a9d8a,46398136357,ana-luizacampos@example.com,Erick Caldeira,18337929987,1967-09-28,SenhaForte123,2025-03-14T23:01:40.591724,2025-03-14T23:01:40.591725
0daa5606-3f0b-4e16-b438-f84a83e50b0f,0cce9356-a43a-420d-aa74-d676db7a9d8a,25335502568,barrosvitor@example.com,Luiz Miguel Nascimento,91651661424,1989-02-15,SenhaForte123,2025-03-14T23:01:40.591757,2025-03-14T23:01:40.591758
7c917b85-d920-448b-be21-da3abdd542b3,0cce9356-a43a-420d-aa74-d676db7a9d8a,70732776023,ana-julia06@example.net,Lucca Garcia,01793204036,1979-04-07,SenhaForte123,2025-03-14T23:01:40.591790,2025-03-14T23:01:40.591791
4679fbb5-dd69-47ab-8eb0-63577ac2d68e,0cce9356-a43a-420d-aa74-d676db7a9d8a,24305527448,lucas-gabriel94@example.net,Breno Sá,31455699907,1993-08-21,SenhaForte123,2025-03-14T23:01:40.591826,2025-03-14T23:01:40.591826
bc89a899-e04a-454a-b457-e581e88127a0,0cce9356-a43a-420d-aa74-d676db7a9d8a,02840117703,rezendejose-miguel@example.net,José Miguel Correia,36250885108,1983-08-02,SenhaForte123,2025-03-14T23:01:40.591860,2025-03-14T23:01:40.591860
2731bec3-6b07-49a4-8087-2093220098b2,0cce9356-a43a-420d-aa74-d676db7a9d8a,67585388934,yago22@example.org,Dra. Aurora Silva,65425355196,1968-11-01,SenhaForte123,2025-03-14T23:01:40.591894,2025-03-14T23:01:40.591894
18130bbf-c9af-4126-8f22-df05811d0388,0cce9356-a43a-420d-aa74-d676db7a9d8a,52069780945,hcampos@example.net,Paulo Garcia,27879939376,1977-09-11,SenhaForte123,2025-03-14T23:01:40.591926,2025-03-14T23:01:40.591926
d7b72873-86eb-4651-9a55-fdbbe8f423f4,0cce9356-a43a-420d-aa74-d676db7a9d8a,43382349035,anavargas@example.com,Ana Sophia Sales,01904693593,1971-10-21,SenhaForte123,2025-03-14T23:01:40.591958,2025-03-14T23:01:40.591959
ecf78f70-1547-41ad-af29-195b2921717d,0cce9356-a43a-420d-aa74-d676db7a9d8a,96987383391,borgesenrico@example.com,Gael Henrique Câmara,89091474166,1966-03-10,SenhaForte123,2025-03-14T23:01:40.591992,2025-03-14T23:01:40.591993
1e91358a-8c2c-4e70-9dff-cdec07ed9599,0cce9356-a43a-420d-aa74-d676db7a9d8a,31722950790,eloacorreia@example.com,Maria Luiza Caldeira,18214449654,1979-06-30,SenhaForte123,2025-03-14T23:01:40.592025,2025-03-14T23:01:40.592025
a4a56e39-96eb-4c0e-8cef-05c65bb2f601,0cce9356-a43a-420d-aa74-d676db7a9d8a,76296840616,davi-miguelcostela@example.net,João Guilherme Nascimento,91481796928,1995-01-11,SenhaForte123,2025-03-14T23:01:40.592059,2025-03-14T23:01:40.592060
bd2d0d7a-ee02-409a-8c9e-16a4b11fc5f6,0cce9356-a43a-420d-aa74-d676db7a9d8a,13246632600,vieiramirella@example.com,Felipe Rocha,02411009760,1965-12-16,SenhaForte123,2025-03-14T23:01:40.592092,2025-03-14T23:01:40.592093
ad213eac-c36b-4d3b-b015-14d66c710ee7,0cce9356-a43a-420d-aa74-d676db7a9d8a,03430299101,guilhermeabreu@example.net,Beatriz Costela,61486326603,1988-10-23,SenhaForte123,2025-03-14T23:01:40.592125,2025-03-14T23:01:40.592126
1484d2ee-b3ac-4a6b-8b53-0aaf3d284e39,0cce9356-a43a-420d-aa74-d676db7a9d8a,89141640985,wsampaio@example.com,Clarice Cirino,70886729020,1967-01-24,SenhaForte123,2025-03-14T23:01:40.592169,2025-03-14T23:01:40.592171
d9d955c7-cbe8-43e2-97f3-6ff7f4af7e27,0cce9356-a43a-420d-aa74-d676db7a9d8a,95750186300,luisa69@example.org,Davi Luiz da Cunha,18147315506,1970-04-23,SenhaForte123,2025-03-14T23:01:40.592215,2025-03-14T23:01:40.592216
